{
  "results": [
    {
      "command": "bin/cube_runonce",
      "mean": 1.31412757340625,
      "stddev": 0.0012818367011169672,
      "median": 1.3138706199999999,
      "user": 1.2594346562499998,
      "system": 0.049379531250000004,
      "min": 1.3121024540000001,
      "max": 1.318188022,
      "times": [
        1.313298845,
        1.3121024540000001,
        1.314056748,
        1.313873495,
        1.313488246,
        1.315742963,
        1.313106614,
        1.313937325,
        1.313469938,
        1.315272461,
        1.31378962,
        1.312505437,
        1.318188022,
        1.31525939,
        1.31285488,
        1.3150743390000001,
        1.314286577,
        1.314367126,
        1.313867745,
        1.3163426,
        1.312665737,
        1.313609596,
        1.312840148,
        1.313721688,
        1.3153900410000001,
        1.313040575,
        1.315371475,
        1.312903602,
        1.315409948,
        1.3136698340000001,
        1.313972039,
        1.3146028410000001
      ],
      "exit_codes": [
        0,
        0,
        0,
        0,
        0,
        0,
        0,
        0,
        0,
        0,
        0,
        0,
        0,
        0,
        0,
        0,
        0,
        0,
        0,
        0,
        0,
        0,
        0,
        0,
        0,
        0,
        0,
        0,
        0,
        0,
        0,
        0
      ]
    }
  ]
}
