{
  "results": [
    {
      "command": "bin/cube_runonce",
      "mean": 1.6310887417187498,
      "stddev": 0.0016211594775353238,
      "median": 1.6313432945000002,
      "user": 1.56365159375,
      "system": 0.06040646875,
      "min": 1.627552802,
      "max": 1.6350782449999999,
      "times": [
        1.632200507,
        1.630953725,
        1.631737632,
        1.631106933,
        1.628926439,
        1.6309035299999999,
        1.629948812,
        1.6314249969999999,
        1.630146957,
        1.632918431,
        1.6350782449999999,
        1.63200059,
        1.627552802,
        1.63128052,
        1.631608696,
        1.631406069,
        1.629138409,
        1.632315344,
        1.630115518,
        1.631002519,
        1.628907276,
        1.631610663,
        1.628214844,
        1.6321740550000001,
        1.633856795,
        1.63221092,
        1.631481746,
        1.6316108040000001,
        1.633092041,
        1.629867431,
        1.6290417270000002,
        1.631004758
      ],
      "exit_codes": [
        0,
        0,
        0,
        0,
        0,
        0,
        0,
        0,
        0,
        0,
        0,
        0,
        0,
        0,
        0,
        0,
        0,
        0,
        0,
        0,
        0,
        0,
        0,
        0,
        0,
        0,
        0,
        0,
        0,
        0,
        0,
        0
      ]
    }
  ]
}
